model,accuracy,macro_precision,macro_recall,macro_f1,weighted_f1,target
SciBERT,0.9666666666666667,0.96875,0.9666666666666667,0.9660138248847927,0.9660138248847926,Discipline
Logistic Regression,0.8166666666666667,0.8223707664884136,0.8166666666666667,0.8131410256410256,0.8131410256410256,Discipline
Naive Bayes,0.8166666666666667,0.8124494990303813,0.8166666666666667,0.8122790203400605,0.8122790203400604,Discipline
Dummy,0.25,0.0625,0.25,0.1,0.1,Discipline
SciBERT,0.9,0.9154761904761904,0.8973214285714286,0.9000601522660346,0.8998382771912183,Field
Logistic Regression,0.6833333333333333,0.6917658730158731,0.6785714285714286,0.6764472455648927,0.6805547176135411,Field
Naive Bayes,0.65,0.6500496031746031,0.6473214285714286,0.6454549127343245,0.6488881706528765,Field
Dummy,0.1166666666666666,0.0145833333333333,0.125,0.0261194029850746,0.0243781094527363,Field
SciBERT,0.7941176470588235,0.8086392773892773,0.7916666666666666,0.7855901912807285,0.7874082032254892,Methodology
Logistic Regression,0.75,0.7737179487179487,0.7525252525252526,0.7460413311862587,0.7447961068485365,Methodology
Naive Bayes,0.75,0.7731074481074481,0.7525252525252526,0.745958751393534,0.7451349268804511,Methodology
Dummy,0.1617647058823529,0.0269607843137254,0.1666666666666666,0.0464135021097046,0.045048399106478,Methodology
